R(mm),delt(mm),U_ave(m/s),VWR_ave(m/s),T_ave,Heat_Flux[Q/m2],HfSr
0.0,0.009654,3.3925739999999993,4.737676e-07,812.568,402.5114,79.0329285766339
0.0,0.028959999999999996,13.860909600000003,9.116141800000001e-07,1403.2120000000002,402.5114
0.0,0.05506,26.65762,9.371143999999999e-07,1725.9799999999998,402.5114
0.0,0.09471,34.619391400000005,7.79646e-07,1809.84,402.5114
0.0,0.1479,39.341910000000006,7.693396e-07,1885.2199999999998,402.5114
0.0,0.21459999999999999,45.085660000000004,6.413782e-07,1950.5400000000002,402.5114
0.0,0.2948,51.334593999999996,6.939099799999998e-07,1976.2999999999997,402.5114
0.0,0.3881,56.98442,7.218339999999999e-07,2001.82,402.5114
0.0,0.49380000000000007,61.74239999999999,-1.49277e-07,2025.5400000000004,402.5114
0.0,0.6112,65.3498,-2.6062443999999997e-07,2031.9199999999998,402.5114
0.0,0.7396,68.64420000000001,-1.0590440000000001e-07,2036.6599999999999,402.5114
0.0,0.8783,72.8696,-1.8636800000000004e-07,2042.4799999999998,402.5114
0.0,1.026,78.0768,-7.054869999999997e-07,2045.56,402.5114
0.0,1.181,82.4804,-1.0225823999999999e-06,2044.86,402.5114
0.0,1.343,86.1202,-1.2013612e-06,2049.38,402.5114
0.0,1.51,91.09259999999999,-9.018938e-07,2050.2599999999998,402.5114
0.5,0.009654,0.2565616000000004,4.083068000000001,604.748,195.45,307.01214207206255
0.5,0.028959999999999996,1.2959175999999983,9.976860000000002,954.9120000000003,195.45
0.5,0.05506,3.692350000000002,17.836042,1391.28,195.45
0.5,0.09471,7.571048,23.00058,1692.2599999999998,195.45
0.5,0.1479,12.776380000000005,24.205820000000003,1850.3599999999997,195.45
0.5,0.21459999999999999,18.91994,22.727640000000005,1927.9400000000003,195.45
0.5,0.2948,25.605859999999993,20.976239999999997,1978.06,195.45
0.5,0.3881,32.84139999999999,19.609919999999995,2014.1999999999998,195.45
0.5,0.49380000000000007,40.60499999999999,17.365039999999993,2044.6800000000005,195.45
0.5,0.6112,48.590399999999995,15.760419999999996,2060.44,195.45
0.5,0.7396,56.3934,14.413519999999998,2070.3799999999997,195.45
0.5,0.8783,63.7988,12.207059999999998,2079.34,195.45
0.5,1.026,70.92079999999999,10.262660000000006,2085.54,195.45
0.5,1.181,77.54579999999999,9.761600600000001,2088.06,195.45
0.5,1.343,83.22879999999998,8.35992,2089.36,195.45
0.5,1.51,88.12859999999999,6.629160000000001,2093.54,195.45
1.0,0.009654,0.16225287999999782,4.42482,589.9539999999998,178.096,559.5050852337278
1.0,0.028959999999999996,0.8585451999999982,11.2657,894.7660000000002,178.096
1.0,0.05506,2.595346000000003,21.846439999999994,1284.2599999999998,178.096
1.0,0.09471,5.490119999999998,32.689400000000006,1604.54,178.096
1.0,0.1479,9.299459999999996,38.58059999999999,1807.3600000000001,178.096
1.0,0.21459999999999999,13.989980000000003,39.901799999999994,1922.6599999999996,178.096
1.0,0.2948,19.6614,39.34599999999999,1991.9199999999998,178.096
1.0,0.3881,26.1958,38.150000000000006,2037.48,178.096
1.0,0.49380000000000007,33.5102,35.219999999999985,2071.46,178.096
1.0,0.6112,41.325199999999995,31.80999999999999,2098.62,178.096
1.0,0.7396,49.086,28.156199999999984,2117.24,178.096
1.0,0.8783,56.614999999999995,24.9948,2128.12,178.096
1.0,1.026,63.553200000000004,21.694199999999995,2137.18,178.096
1.0,1.181,69.5204,18.586860000000005,2147.64,178.096
1.0,1.343,74.60099999999998,16.107940000000003,2161.7599999999998,178.096
1.0,1.51,78.92759999999998,13.834419999999996,2175.16,178.096
1.5,0.009654,0.09270099999999726,4.791020000000001,574.6760000000002,168.108,792.1902867145092
1.5,0.028959999999999996,0.5087439999999965,12.43430000000001,838.1240000000001,168.108
1.5,0.05506,1.706120000000002,24.7992,1188.1200000000001,168.108
1.5,0.09471,4.093979999999995,40.0192,1530.66,168.108
1.5,0.1479,7.620839999999993,50.554,1791.5599999999995,168.108
1.5,0.21459999999999999,11.991139999999998,54.4642,1935.94,168.108
1.5,0.2948,17.100399999999993,54.92420000000001,2013.6,168.108
1.5,0.3881,22.8608,52.474799999999995,2064.98,168.108
1.5,0.49380000000000007,29.027199999999993,48.93759999999999,2106.04,168.108
1.5,0.6112,35.351,44.75179999999998,2139.960000000001,168.108
1.5,0.7396,41.577799999999996,40.15599999999999,2166.2599999999998,168.108
1.5,0.8783,47.50380000000001,35.23,2191.46,168.108
1.5,1.026,53.0152,30.332399999999993,2215.52,168.108
1.5,1.181,57.8218,25.868400000000005,2238.3,168.108
1.5,1.343,61.89600000000002,21.83299999999999,2257.5200000000004,168.108
1.5,1.51,65.42919999999998,18.456540000000004,2273.8,168.108
2.0,0.009654,0.045869180000002174,4.592159999999996,563.1359999999996,156.31800000000004,982.1749608476987
2.0,0.028959999999999996,0.26424775999999817,12.140679999999993,793.1380000000004,156.31800000000004
2.0,0.05506,0.9419078800000058,24.78859999999999,1099.1200000000001,156.31800000000004
2.0,0.09471,2.4543539999999986,42.53059999999999,1429.72,156.31800000000004
2.0,0.1479,5.010579999999996,57.78660000000002,1728.6799999999998,156.31800000000004
2.0,0.21459999999999999,8.526619999999996,64.868,1923.86,156.31800000000004
2.0,0.2948,12.801880000000008,65.7096,2033.1599999999996,156.31800000000004
2.0,0.3881,17.481019999999994,62.76220000000001,2099.54,156.31800000000004
2.0,0.49380000000000007,22.293799999999997,58.460200000000015,2148.34,156.31800000000004
2.0,0.6112,27.218800000000005,53.06939999999997,2188.5399999999995,156.31800000000004
2.0,0.7396,32.019999999999996,47.182799999999986,2224.8599999999997,156.31800000000004
2.0,0.8783,36.52380000000001,41.15560000000002,2259.0399999999995,156.31800000000004
2.0,1.026,40.596,35.33639999999998,2292.14,156.31800000000004
2.0,1.181,44.078199999999995,29.87300000000001,2323.2799999999997,156.31800000000004
2.0,1.343,47.21380000000002,25.414799999999982,2353.1,156.31800000000004
2.0,1.51,49.93919999999999,21.469400000000007,2381.1200000000003,156.31800000000004
2.5,0.009654,0.017919732800004695,4.103220000000007,554.9280000000003,138.474,1087.572252782982
2.5,0.028959999999999996,0.11384860000000607,11.017080000000004,760.6220000000002,138.474
2.5,0.05506,0.4624896000000156,22.788199999999996,1031.79,138.474
2.5,0.09471,1.3581495999999937,40.66220000000001,1336.6599999999994,138.474
2.5,0.1479,3.0844740000000037,59.07540000000001,1646.92,138.474
2.5,0.21459999999999999,5.698860000000003,69.94820000000001,1890.2,138.474
2.5,0.2948,8.991280000000001,72.37199999999994,2040.4399999999994,138.474
2.5,0.3881,12.67976,69.2718,2129.9599999999996,138.474
2.5,0.49380000000000007,16.499159999999993,64.1348,2192.500000000001,138.474
2.5,0.6112,20.1896,57.817199999999964,2242.1999999999994,138.474
2.5,0.7396,23.614800000000002,51.00620000000001,2286.340000000001,138.474
2.5,0.8783,26.753600000000006,44.27220000000002,2328.9799999999996,138.474
2.5,1.026,29.632800000000003,37.85959999999999,2370.0400000000013,138.474
2.5,1.181,32.18079999999999,32.226800000000004,2408.2,138.474
2.5,1.343,34.306400000000004,27.48899999999999,2443.18,138.474
2.5,1.51,36.25299999999999,23.165200000000006,2473.66,138.474
3.0,0.009654,0.007383558000002566,3.4904200000000074,550.2499999999997,122.88600000000001,1158.1732644871065
3.0,0.028959999999999996,0.052292886000007144,9.521699999999989,740.6440000000006,122.88600000000001
3.0,0.05506,0.2267275999999896,19.976200000000013,985.0559999999992,122.88600000000001
3.0,0.09471,0.7119425200000062,36.76680000000001,1260.1400000000008,122.88600000000001
3.0,0.1479,1.7797271999999964,56.37279999999997,1560.3800000000003,122.88600000000001
3.0,0.21459999999999999,3.610723999999994,70.5206,1833.78,122.88600000000001
3.0,0.2948,6.095339999999991,75.22860000000001,2027.0799999999997,122.88600000000001
3.0,0.3881,8.963099999999997,72.81459999999998,2147.1600000000003,122.88600000000001
3.0,0.49380000000000007,11.93276,67.32499999999999,2225.6599999999994,122.88600000000001
3.0,0.6112,14.856540000000011,60.18180000000001,2288.3000000000006,122.88600000000001
3.0,0.7396,17.73312,52.78699999999997,2348.7400000000002,122.88600000000001
3.0,0.8783,20.421999999999993,45.68800000000003,2406.6399999999994,122.88600000000001
3.0,1.026,22.63720000000001,38.6064,2454.9399999999987,122.88600000000001
3.0,1.181,24.378800000000016,32.45800000000003,2489.3799999999997,122.88600000000001
3.0,1.343,25.819599999999987,27.668599999999994,2512.5,122.88600000000001
3.0,1.51,26.974799999999988,23.733000000000004,2528.46,122.88600000000001
3.5,0.009654,0.0005352460000018766,2.874940000000006,547.9159999999998,107.59720000000002,1183.0930057339106
3.5,0.028959999999999996,0.015501579200005722,7.956760000000003,729.7080000000009,107.59720000000002
3.5,0.05506,0.09152733999999718,16.906599999999994,958.164,107.59720000000002
3.5,0.09471,0.3222839999999927,31.941399999999973,1210.8400000000001,107.59720000000002
3.5,0.1479,0.8868454000000003,51.23280000000001,1489.98,107.59720000000002
3.5,0.21459999999999999,2.0480959999999993,68.0848,1775.3999999999994,107.59720000000002
3.5,0.2948,3.8648360000000093,75.55399999999999,2005.9200000000005,107.59720000000002
3.5,0.3881,6.058576000000002,74.25980000000003,2154.5999999999995,107.59720000000002
3.5,0.49380000000000007,8.395020000000004,68.75700000000002,2250.9199999999987,107.59720000000002
3.5,0.6112,10.787739999999992,61.6394,2329.7400000000002,107.59720000000002
3.5,0.7396,13.09818,54.092400000000005,2404.66,107.59720000000002
3.5,0.8783,15.122920000000004,46.21080000000003,2468.5800000000013,107.59720000000002
3.5,1.026,16.81026000000001,38.7444,2512.600000000001,107.59720000000002
3.5,1.181,18.240599999999993,32.66020000000001,2541.919999999999,107.59720000000002
3.5,1.343,19.354200000000024,27.36419999999999,2558.3599999999988,107.59720000000002
3.5,1.51,20.040399999999998,23.04659999999995,2558.3999999999987,107.59720000000002
4.0,0.009654,-0.0011791419999962471,2.351540000000014,546.7519999999997,93.6478,1176.8129620193854
4.0,0.028959999999999996,0.002011710000004996,6.601859999999995,723.0200000000009,93.6478
4.0,0.05506,0.03089487379998701,14.183599999999998,940.3640000000006,93.6478
4.0,0.09471,0.1339507199999801,27.283199999999965,1177.7999999999995,93.6478
4.0,0.1479,0.41958640000000713,45.17379999999999,1439.7799999999997,93.6478
4.0,0.21459999999999999,1.1079390000000089,63.20520000000002,1723.3800000000006,93.6478
4.0,0.2948,2.395941999999991,73.61399999999996,1987.0,93.6478
4.0,0.3881,4.15709399999999,74.07699999999998,2174.4199999999996,93.6478
4.0,0.49380000000000007,6.12645800000001,69.30419999999998,2292.959999999999,93.6478
4.0,0.6112,8.092140000000008,62.376000000000005,2383.7600000000007,93.6478
4.0,0.7396,9.839140000000004,54.13080000000001,2459.0000000000005,93.6478
4.0,0.8783,11.300100000000004,45.94059999999999,2510.3800000000006,93.6478
4.0,1.026,12.442039999999999,38.40380000000003,2544.48,93.6478
4.0,1.181,13.2517,31.853200000000008,2568.599999999999,93.6478
4.0,1.343,13.78461999999999,26.204600000000013,2565.800000000001,93.6478
4.0,1.51,14.146779999999985,21.77380000000003,2529.4799999999996,93.6478
4.5,0.009654,-0.0018619599999958325,1.932140000000011,545.8120000000006,82.63219999999998,1168.18520611483
4.5,0.028959999999999996,-0.003524038400009033,5.497920000000036,717.7039999999995,82.63219999999998
4.5,0.05506,0.0032781039999818518,11.93401999999999,925.3820000000009,82.63219999999998
4.5,0.09471,0.03675967999999585,23.287599999999955,1148.6999999999998,82.63219999999998
4.5,0.1479,0.15469828000000518,39.454199999999986,1393.839999999999,82.63219999999998
4.5,0.21459999999999999,0.4987473999999992,57.42740000000001,1666.2400000000002,82.63219999999998
4.5,0.2948,1.2940247999999954,70.34660000000002,1948.5399999999995,82.63219999999998
4.5,0.3881,2.5903015999999823,73.09159999999999,2175.6399999999994,82.63219999999998
4.5,0.49380000000000007,4.129151999999987,68.9932,2318.8200000000006,82.63219999999998
4.5,0.6112,5.65183600000001,61.80620000000001,2413.5600000000013,82.63219999999998
4.5,0.7396,6.987146000000006,53.219800000000035,2482.1399999999994,82.63219999999998
4.5,0.8783,7.967039999999983,44.552599999999956,2522.82,82.63219999999998
4.5,1.026,8.614279999999983,36.80299999999999,2546.2000000000007,82.63219999999998
4.5,1.181,9.106940000000012,30.54859999999998,2546.9800000000005,82.63219999999998
4.5,1.343,9.458540000000006,24.766999999999975,2514.919999999999,82.63219999999998
4.5,1.51,9.679959999999994,20.5734,2456.580000000001,82.63219999999998
5.0,0.009654,-0.0025102322600289995,1.5895800000000193,545.3660000000004,72.68039999999999,1141.6610534998392
5.0,0.028959999999999996,-0.007931586000005098,4.586420000000011,713.7679999999999,72.68039999999999
5.0,0.05506,-0.014666980000015428,10.052560000000028,913.9560000000007,72.68039999999999
5.0,0.09471,-0.01847410000001659,19.83819999999998,1126.9999999999998,72.68039999999999
5.0,0.1479,0.00480800000000059,34.15980000000001,1359.1999999999996,72.68039999999999
5.0,0.21459999999999999,0.12887280000001056,51.078800000000015,1617.4400000000003,72.68039999999999
5.0,0.2948,0.5407071600000002,65.40320000000001,1899.3400000000004,72.68039999999999
5.0,0.3881,1.4174081799999882,70.7996,2156.360000000001,72.68039999999999
5.0,0.49380000000000007,2.6031339999999936,67.88959999999996,2325.739999999999,72.68039999999999
5.0,0.6112,3.803908000000007,60.96799999999995,2426.8,72.68039999999999
5.0,0.7396,4.860575999999988,52.0712,2491.86,72.68039999999999
5.0,0.8783,5.682559999999999,42.98000000000002,2529.9000000000005,72.68039999999999
5.0,1.026,6.317319999999995,35.49379999999999,2544.579999999999,72.68039999999999
5.0,1.181,6.82658,29.5176,2526.0999999999995,72.68039999999999
5.0,1.343,7.279,23.977999999999966,2473.68,72.68039999999999
5.0,1.51,7.6603000000000065,19.850199999999987,2403.059999999999,72.68039999999999
5.5,0.009654,-0.003729322199994556,1.2872199999999978,544.5400000000004,63.748000000000005,1101.4863666457309
5.5,0.028959999999999996,-0.013315220000009731,3.787319999999994,709.0160000000001,63.748000000000005
5.5,0.05506,-0.03152132000000307,8.412879999999987,902.2039999999994,63.748000000000005
5.5,0.09471,-0.06633595400000303,16.812600000000018,1105.6600000000012,63.748000000000005
5.5,0.1479,-0.11274793999998423,29.400799999999983,1325.2600000000002,63.748000000000005
5.5,0.21459999999999999,-0.11652146000001196,44.969,1569.44,63.748000000000005
5.5,0.2948,0.07696939999998875,59.76800000000004,1844.3000000000013,63.748000000000005
5.5,0.3881,0.6584173999999976,67.56420000000003,2121.38,63.748000000000005
5.5,0.49380000000000007,1.568878999999992,66.16540000000003,2319.8999999999996,63.748000000000005
5.5,0.6112,2.5537236000000085,59.61660000000002,2433.3,63.748000000000005
5.5,0.7396,3.4773999999999994,50.91940000000001,2501.2799999999993,63.748000000000005
5.5,0.8783,4.321754000000002,42.165599999999976,2534.559999999999,63.748000000000005
5.5,1.026,5.045161999999994,34.926400000000015,2540.74,63.748000000000005
5.5,1.181,5.556839999999994,28.82080000000002,2510.2599999999998,63.748000000000005
5.5,1.343,5.920659999999991,23.515799999999984,2449.540000000001,63.748000000000005
5.5,1.51,6.2163599999999875,19.179600000000008,2361.34,63.748000000000005
6.0,0.009654,-0.0022726214000101663,1.074395999999993,543.6500000000004,56.82739999999999,1071.1712541756522
6.0,0.028959999999999996,-0.00876702799999407,3.181340000000006,705.3540000000007,56.82739999999999
6.0,0.05506,-0.024566214000003583,7.107120000000009,894.082,56.82739999999999
6.0,0.09471,-0.0640747599999969,14.313799999999972,1090.0800000000004,56.82739999999999
6.0,0.1479,-0.13901957999999937,25.34399999999998,1298.3000000000002,56.82739999999999
6.0,0.21459999999999999,-0.21987855999999084,39.55779999999997,1527.4600000000005,56.82739999999999
6.0,0.2948,-0.1745133999999915,54.27679999999999,1791.1000000000001,56.82739999999999
6.0,0.3881,0.21564969599999984,63.929000000000045,2076.5399999999995,56.82739999999999
6.0,0.49380000000000007,0.9661881999999977,64.19399999999996,2305.5199999999986,56.82739999999999
6.0,0.6112,1.8565015999999979,58.32979999999999,2441.959999999999,56.82739999999999
6.0,0.7396,2.758724000000008,50.24939999999997,2518.2199999999993,56.82739999999999
6.0,0.8783,3.6213136000000112,41.95740000000001,2548.32,56.82739999999999
6.0,1.026,4.317376000000017,34.58940000000002,2539.1200000000003,56.82739999999999
6.0,1.181,4.764265999999999,28.16939999999999,2487.100000000001,56.82739999999999
6.0,1.343,5.0532420000000045,23.03239999999999,2407.7000000000003,56.82739999999999
6.0,1.51,5.291897999999993,18.81039999999995,2308.460000000001,56.82739999999999
6.5,0.009654,-0.002418155599990257,0.8735940000000397,543.7160000000008,50.965199999999996,1040.7273364067737
6.5,0.028959999999999996,-0.009296720000016023,2.618539999999996,704.6719999999996,50.965199999999996
6.5,0.05506,-0.025697479999990946,5.926639999999956,891.7559999999991,50.965199999999996
6.5,0.09471,-0.0675602039999923,12.09579999999999,1083.240000000001,50.965199999999996
6.5,0.1479,-0.1548671800000001,21.73219999999997,1282.119999999999,50.965199999999996
6.5,0.21459999999999999,-0.2869096999999954,34.57039999999996,1494.9600000000007,50.965199999999996
6.5,0.2948,-0.39441599999999966,48.74500000000001,1738.7399999999982,50.965199999999996
6.5,0.3881,-0.3020946000000002,59.65320000000002,2016.6000000000004,50.965199999999996
6.5,0.49380000000000007,0.1613757000000149,61.948599999999985,2264.7999999999993,50.965199999999996
6.5,0.6112,0.9431539999999927,57.4174,2427.8399999999997,50.965199999999996
6.5,0.7396,1.844797860000007,50.03820000000001,2516.020000000001,50.965199999999996
6.5,0.8783,2.6641919999999786,41.88600000000001,2546.900000000001,50.965199999999996
6.5,1.026,3.2473680000000016,34.27060000000001,2529.779999999999,50.965199999999996
6.5,1.181,3.6297899999999927,27.739000000000047,2465.300000000001,50.965199999999996
6.5,1.343,3.8829399999999836,22.463199999999972,2371.2599999999993,50.965199999999996
6.5,1.51,4.065899999999996,18.380600000000022,2264.22,50.965199999999996
7.0,0.009654,-0.0015272191999926577,0.6966279999999614,542.9339999999999,45.9784,1011.1178256466912
7.0,0.028959999999999996,-0.005706826800011555,2.145399999999995,702.1639999999989,45.9784
7.0,0.05506,-0.01661919999998318,4.955499999999979,887.6079999999984,45.9784
7.0,0.09471,-0.04642274000001834,10.272220000000019,1075.6200000000008,45.9784
7.0,0.1479,-0.11212297999998455,18.70899999999999,1268.46,45.9784
7.0,0.21459999999999999,-0.22748920000001505,30.238999999999976,1470.320000000001,45.9784
7.0,0.2948,-0.3656270800000172,43.542599999999965,1695.8800000000008,45.9784
7.0,0.3881,-0.402678399999985,54.97699999999995,1959.0600000000027,45.9784
7.0,0.49380000000000007,-0.1490446000000034,59.343199999999996,2216.4400000000023,45.9784
7.0,0.6112,0.4193635999999934,56.44459999999995,2403.16,45.9784
7.0,0.7396,1.0968834000000172,49.713199999999986,2504.46,45.9784
7.0,0.8783,1.6567089599999996,41.58140000000003,2538.6200000000017,45.9784
7.0,1.026,2.034906000000003,33.81040000000002,2519.62,45.9784
7.0,1.181,2.327760000000012,27.444399999999973,2452.859999999999,45.9784
7.0,1.343,2.5917057999999926,22.13560000000001,2348.3800000000006,45.9784
7.0,1.51,2.900550000000006,18.308600000000013,2234.5799999999995,45.9784
7.5,0.009654,-0.0009616659999878152,0.565972000000059,542.8439999999997,41.3368,973.9754040218295
7.5,0.028959999999999996,-0.004139082400005378,1.7972540000000592,700.7900000000004,41.3368
7.5,0.05506,-0.015111579999995683,4.231200000000044,883.2539999999991,41.3368
7.5,0.09471,-0.04456057999998819,8.879620000000052,1066.2600000000016,41.3368
7.5,0.1479,-0.1020568199999694,16.324000000000005,1253.1199999999992,41.3368
7.5,0.21459999999999999,-0.19530059999999239,26.65299999999995,1447.560000000001,41.3368
7.5,0.2948,-0.31906587999998237,38.956600000000066,1660.4800000000016,41.3368
7.5,0.3881,-0.4023298000000253,50.43300000000002,1909.9199999999996,41.3368
7.5,0.49380000000000007,-0.29926878000001267,56.272400000000005,2172.72,41.3368
7.5,0.6112,0.014132752000026727,54.70780000000005,2380.7000000000007,41.3368
7.5,0.7396,0.42145060000001067,48.622000000000014,2499.040000000001,41.3368
7.5,0.8783,0.8382106,40.741000000000014,2537.4999999999995,41.3368
7.5,1.026,1.2303883999999776,33.27559999999998,2506.2400000000002,41.3368
7.5,1.181,1.5991992000000188,27.30780000000003,2427.7599999999993,41.3368
7.5,1.343,1.9998320000000014,22.375200000000035,2316.7800000000016,41.3368
7.5,1.51,2.489183999999991,18.9114,2198.619999999998,41.3368
8.0,0.009654,-0.0013242371999844238,0.4674219999999707,543.0140000000013,37.331,938.2303628092844
8.0,0.028959999999999996,-0.005066251199998817,1.5233279999999638,700.5480000000013,37.331
8.0,0.05506,-0.014873642000026166,3.6487999999999943,881.2680000000004,37.331
8.0,0.09471,-0.03902057999999542,7.746679999999984,1060.5399999999995,37.331
8.0,0.1479,-0.08782280000000142,14.369799999999913,1242.26,37.331
8.0,0.21459999999999999,-0.17314355999996422,23.66659999999996,1430.6400000000003,37.331
8.0,0.2948,-0.3000501999999905,34.95379999999997,1635.020000000001,37.331
8.0,0.3881,-0.43537349999999364,46.03819999999999,1872.9199999999987,37.331
8.0,0.49380000000000007,-0.47478426000001406,52.74239999999999,2134.699999999999,37.331
8.0,0.6112,-0.3637313999999847,52.3724,2354.8599999999988,37.331
8.0,0.7396,-0.1588866999999894,47.19560000000001,2483.9,37.331
8.0,0.8783,0.10404659999998955,40.099599999999995,2526.84,37.331
8.0,1.026,0.4488140000000129,33.26720000000002,2494.7800000000007,37.331
8.0,1.181,0.8785593999999719,27.605199999999996,2412.5999999999995,37.331
8.0,1.343,1.4183226000000104,23.093799999999902,2300.140000000001,37.331
8.0,1.51,2.0477071999999907,19.747800000000026,2180.9400000000014,37.331
8.5,0.009654,-0.0009629998000093565,0.3935299999999131,542.5660000000007,33.5504,895.9143664024912
8.5,0.028959999999999996,-0.0051984579999952985,1.3066419999999823,697.7980000000006,33.5504
8.5,0.05506,-0.019847219999995502,3.161100000000019,873.9939999999997,33.5504
8.5,0.09471,-0.056150620000003926,6.750839999999911,1048.1,33.5504
8.5,0.1479,-0.12873508000001976,12.593800000000073,1224.4800000000016,33.5504
8.5,0.21459999999999999,-0.2584309199999879,20.89800000000004,1406.8199999999997,33.5504
8.5,0.2948,-0.4603387999999953,31.183600000000098,1603.2399999999977,33.5504
8.5,0.3881,-0.7045584000000105,41.713999999999984,1829.6600000000005,33.5504
8.5,0.49380000000000007,-0.8676679999999948,49.001400000000004,2089.1200000000013,33.5504
8.5,0.6112,-0.8273920000000246,49.90220000000001,2322.22,33.5504
8.5,0.7396,-0.6120889600000368,45.76840000000004,2462.6000000000017,33.5504
8.5,0.8783,-0.3096358200000182,39.47720000000004,2505.3599999999997,33.5504
8.5,1.026,0.047942199999972956,33.28879999999998,2473.659999999999,33.5504
8.5,1.181,0.4833492000000206,28.09739999999998,2393.6200000000003,33.5504
8.5,1.343,1.0541717999999989,24.090599999999966,2285.540000000001,33.5504
8.5,1.51,1.7254390000000086,20.846599999999995,2167.56,33.5504
9.0,0.009654,-0.0014935040000096933,0.3213660000000118,543.4599999999996,29.8154,843.0105744345707
9.0,0.028959999999999996,-0.007626274000003264,1.0889279999999957,700.8180000000017,29.8154
9.0,0.05506,-0.02745405039995319,2.667900000000003,878.8859999999996,29.8154
9.0,0.09471,-0.07846260000000882,5.752379999999988,1049.9400000000012,29.8154
9.0,0.1479,-0.18638279999997565,10.815860000000015,1215.9999999999993,29.8154
9.0,0.21459999999999999,-0.3839939999999942,18.09339999999999,1384.76,29.8154
9.0,0.2948,-0.694416000000011,27.30179999999997,1567.359999999999,29.8154
9.0,0.3881,-1.0904740000000146,37.15599999999995,1777.1399999999992,29.8154
9.0,0.49380000000000007,-1.4307020000000392,44.905000000000044,2023.88,29.8154
9.0,0.6112,-1.5339340000000234,47.275200000000055,2267.9399999999996,29.8154
9.0,0.7396,-1.3904759999999783,44.36380000000007,2429.219999999999,29.8154
9.0,0.8783,-1.0953899999999805,38.950399999999945,2484.0600000000013,29.8154
9.0,1.026,-0.6869232000000025,33.44439999999999,2455.0400000000004,29.8154
9.0,1.181,-0.17135639999999341,28.831399999999974,2374.0000000000005,29.8154
9.0,1.343,0.4253057999999754,25.13620000000003,2273.1600000000008,29.8154
9.0,1.51,1.0680776000000236,21.97960000000002,2163.8199999999993,29.8154
9.5,0.009654,-0.0018603830000074595,0.23446799999994994,546.8960000000003,26.2798,784.3240528691847
9.5,0.028959999999999996,-0.009426171999997734,0.8280059999999878,715.3340000000004,26.2798
9.5,0.05506,-0.03325639999996355,2.0965400000000045,908.5020000000004,26.2798
9.5,0.09471,-0.0963784000000345,4.647480000000073,1087.4399999999991,26.2798
9.5,0.1479,-0.23602599999996698,8.9208,1243.7600000000018,26.2798
9.5,0.21459999999999999,-0.4994260000000139,15.156999999999954,1388.6800000000007,26.2798
9.5,0.2948,-0.9293339999999972,23.230000000000004,1542.3200000000002,26.2798
9.5,0.3881,-1.5270399999999995,32.25900000000003,1723.16,26.2798
9.5,0.49380000000000007,-2.173259999999999,40.243799999999936,1946.9400000000014,26.2798
9.5,0.6112,-2.615879999999997,44.147000000000034,2190.6,26.2798
9.5,0.7396,-2.680940000000014,42.94959999999996,2374.740000000001,26.2798
9.5,0.8783,-2.4135399999999763,38.745799999999946,2457.959999999998,26.2798
9.5,1.026,-1.9246680000000183,34.037000000000006,2447.92,26.2798
9.5,1.181,-1.2777220000000256,29.890999999999934,2373.7200000000007,26.2798
9.5,1.343,-0.5485531999999793,26.31619999999998,2275.0600000000018,26.2798
9.5,1.51,0.23227707999996738,23.282999999999987,2171.4599999999996,26.2798
10.0,0.009654,-0.003081818380010759,0.15154840000001002,550.6200000000003,23.0344,723.6470181984873
10.0,0.028959999999999996,-0.015326281999996638,0.5577960000000104,737.7179999999992,23.0344
10.0,0.05506,-0.049963300000008815,1.4819200000000166,962.8199999999989,23.0344
10.0,0.09471,-0.13635959999998448,3.443979999999982,1166.7799999999993,23.0344
10.0,0.1479,-0.3265480000000309,6.867880000000071,1325.7199999999987,23.0344
10.0,0.21459999999999999,-0.6865460000000212,12.012999999999963,1449.9599999999991,23.0344
10.0,0.2948,-1.266771999999996,18.87420000000006,1566.1400000000008,23.0344
10.0,0.3881,-2.0667999999999864,26.888199999999998,1698.1000000000001,23.0344
10.0,0.49380000000000007,-2.9899200000000192,34.7166,1874.1799999999992,23.0344
10.0,0.6112,-3.7800800000000123,39.97699999999995,2089.5399999999995,23.0344
10.0,0.7396,-4.135579999999983,40.932399999999944,2285.4199999999983,23.0344
10.0,0.8783,-3.9777600000000035,38.468600000000066,2405.6800000000003,23.0344
10.0,1.026,-3.452040000000025,34.818599999999975,2435.2399999999984,23.0344
10.0,1.181,-2.7430999999999983,31.14919999999998,2391.540000000001,23.0344
10.0,1.343,-1.9760940000000105,27.643000000000058,2304.5400000000013,23.0344
10.0,1.51,-1.1730908000000184,24.73940000000006,2202.66,23.0344
10.5,0.009654,-0.004246600000037404,0.08910560000003898,542.0440000000007,17.959600000000002,592.4283479248182
10.5,0.028959999999999996,-0.02160608000000508,0.3304422000000784,717.6519999999992,17.959600000000002
10.5,0.05506,-0.07084440000003411,0.9190219999999982,949.9940000000003,17.959600000000002
10.5,0.09471,-0.1865179999999711,2.2604599999999664,1180.877999999998,17.959600000000002
10.5,0.1479,-0.42355000000000587,4.747279999999989,1374.2200000000012,17.959600000000002
10.5,0.21459999999999999,-0.8583720000000028,8.69109999999992,1523.5000000000002,17.959600000000002
10.5,0.2948,-1.557510000000022,14.234799999999979,1632.5800000000008,17.959600000000002
10.5,0.3881,-2.533659999999962,21.102600000000038,1722.5199999999993,17.959600000000002
10.5,0.49380000000000007,-3.7149799999999544,28.459399999999988,1833.8999999999999,17.959600000000002
10.5,0.6112,-4.8908600000000035,34.66679999999997,1993.3599999999992,17.959600000000002
10.5,0.7396,-5.730739999999983,37.87220000000005,2174.2000000000007,17.959600000000002
10.5,0.8783,-5.989959999999996,37.671199999999985,2322.8399999999992,17.959600000000002
10.5,1.026,-5.688659999999999,35.49599999999998,2398.9200000000005,17.959600000000002
10.5,1.181,-5.029840000000014,32.48579999999997,2402.519999999999,17.959600000000002
10.5,1.343,-4.226859999999952,29.130400000000023,2347.0999999999976,17.959600000000002
10.5,1.51,-3.4224000000000387,26.23339999999999,2261.379999999999,17.959600000000002
11.0,0.009654,-0.0040254640000370046,0.061613299999976334,518.7679999999997,11.0729,382.65195423327924
11.0,0.028959999999999996,-0.02052298000002395,0.2027299999999599,638.4160000000012,11.0729
11.0,0.05506,-0.06935659999999899,0.5463780000000185,814.1919999999984,11.0729
11.0,0.09471,-0.18518879999994908,1.3613259999999627,1020.0099999999992,11.0729
11.0,0.1479,-0.41915999999996956,2.9450399999999632,1238.8999999999974,11.0729
11.0,0.21459999999999999,-0.8460240000000141,5.621200000000073,1454.3,11.0729
11.0,0.2948,-1.5532200000000174,9.692359999999951,1622.9800000000018,11.0729
11.0,0.3881,-2.6024000000000314,15.185400000000087,1739.1200000000015,11.0729
11.0,0.49380000000000007,-3.977579999999996,21.67100000000005,1826.6399999999994,11.0729
11.0,0.6112,-5.529599999999988,28.130000000000024,1933.399999999999,11.0729
11.0,0.7396,-6.945359999999994,33.034800000000004,2067.120000000001,11.0729
11.0,0.8783,-7.854820000000018,35.321599999999975,2211.62,11.0729
11.0,1.026,-8.102300000000007,35.19059999999989,2326.240000000002,11.0729
11.0,1.181,-7.796260000000004,33.41080000000005,2387.499999999999,11.0729
11.0,1.343,-7.134140000000002,30.604199999999935,2384.199999999998,11.0729
11.0,1.51,-6.322220000000023,27.710400000000064,2331.92,11.0729
11.5,0.009654,-0.002775718000016525,0.053185539999986986,496.579999999998,5.48338,198.10528273567374
11.5,0.028959999999999996,-0.014046399999969594,0.15091695999991828,558.9240000000011,5.48338
11.5,0.05506,-0.0480829999999699,0.3637979999999885,659.1060000000014,5.48338
11.5,0.09471,-0.13195979999998997,0.8432959999999667,796.0519999999996,5.48338
11.5,0.1479,-0.3073779999999715,1.7592599999999692,975.912000000001,5.48338
11.5,0.21459999999999999,-0.6380740000000173,3.356500000000011,1195.619999999998,5.48338
11.5,0.2948,-1.2145419999999518,5.976280000000003,1415.2200000000014,5.48338
11.5,0.3881,-2.137840000000004,9.862800000000078,1606.9800000000018,5.48338
11.5,0.49380000000000007,-3.4713800000000106,14.971599999999938,1751.9999999999989,5.48338
11.5,0.6112,-5.1694800000000285,20.83040000000004,1868.2600000000011,5.48338
11.5,0.7396,-7.026199999999996,26.434799999999967,1980.2799999999986,5.48338
11.5,0.8783,-8.697019999999966,30.641000000000034,2103.579999999999,5.48338
11.5,1.026,-9.854819999999975,32.73319999999998,2224.280000000002,5.48338
11.5,1.181,-10.346860000000007,32.86279999999991,2323.2800000000007,5.48338
11.5,1.343,-10.219919999999973,31.350199999999973,2374.140000000001,5.48338
11.5,1.51,-9.663719999999998,29.036399999999958,2371.080000000001,5.48338
12.0,0.009654,-0.001670230600012701,0.04596895200009499,482.88000000000153,2.22226,83.77722828439728
12.0,0.028959999999999996,-0.008082989999991241,0.12479889999994498,508.8879999999989,2.22226
12.0,0.05506,-0.027436800000018025,0.2761772000000917,553.4300000000005,2.22226
12.0,0.09471,-0.07720220000003053,0.5741759999999374,622.3660000000013,2.22226
12.0,0.1479,-0.18557600000001173,1.0892099999999516,730.2820000000007,2.22226
12.0,0.21459999999999999,-0.3981199999999774,1.9608599999999399,890.3739999999996,2.22226
12.0,0.2948,-0.7871839999999963,3.4498199999999457,1088.3880000000001,2.22226
12.0,0.3881,-1.4583400000000069,5.841100000000026,1305.98,2.22226
12.0,0.49380000000000007,-2.5223399999999785,9.322360000000032,1517.6600000000012,2.22226
12.0,0.6112,-4.038639999999987,13.871999999999929,1697.9999999999986,2.22226
12.0,0.7396,-5.954720000000009,19.01219999999995,1847.900000000001,2.22226
12.0,0.8783,-8.065999999999995,23.89659999999992,1979.12,2.22226
12.0,1.026,-10.05119999999998,27.576400000000092,2099.7799999999993,2.22226
12.0,1.181,-11.587960000000024,29.67480000000009,2209.699999999998,2.22226
12.0,1.343,-12.483739999999983,30.04179999999998,2296.5,2.22226
12.0,1.51,-12.753300000000038,29.07439999999994,2348.2400000000007,2.22226
12.5,0.009654,-0.0010393705999689473,0.030147435999907657,476.79599999999846,0.8190480000000001,32.163939746717695
12.5,0.028959999999999996,-0.004705308000012565,0.08667908000006719,486.38000000000045,0.8190480000000001
12.5,0.05506,-0.01544445999996924,0.19250707599994143,503.17800000000193,0.8190480000000001
12.5,0.09471,-0.04339420000000871,0.3837072000000319,531.5320000000004,0.8190480000000001
12.5,0.1479,-0.10471439999999888,0.6873540000000133,583.318000000002,0.8190480000000001
12.5,0.21459999999999999,-0.2252080000000234,1.1780180000000229,673.0339999999994,0.8190480000000001
12.5,0.2948,-0.4493360000000024,1.9997199999999538,805.9639999999995,0.8190480000000001
12.5,0.3881,-0.8533760000000257,3.347999999999942,980.6039999999996,0.8190480000000001
12.5,0.49380000000000007,-1.5435400000000499,5.431939999999997,1185.3400000000001,0.8190480000000001
12.5,0.6112,-2.633420000000015,8.43356,1398.0999999999995,0.8190480000000001
12.5,0.7396,-4.193499999999979,12.278599999999997,1598.7399999999975,0.8190480000000001
12.5,0.8783,-6.188040000000008,16.565399999999926,1774.3000000000002,0.8190480000000001
12.5,1.026,-8.429680000000026,20.616599999999963,1924.6800000000003,0.8190480000000001
12.5,1.181,-10.633120000000034,23.878599999999892,2051.459999999997,0.8190480000000001
12.5,1.343,-12.531719999999993,25.951399999999936,2161.1600000000008,0.8190480000000001
12.5,1.51,-13.943200000000004,26.657200000000003,2248.7600000000007,0.8190480000000001
13.0,0.009654,-0.0006950336199906815,0.007999339999997801,474.8179999999991,0.35682200000000003,14.572861859909835
13.0,0.028959999999999996,-0.0029641132000080006,0.03697328000001221,479.0659999999996,0.35682200000000003
13.0,0.05506,-0.00906140800005062,0.10202293999995504,486.180000000001,0.35682200000000003
13.0,0.09471,-0.02429036000002327,0.2219177999999289,498.03599999999904,0.35682200000000003
13.0,0.1479,-0.05628846000000465,0.4189316000000787,520.524,0.35682200000000003
13.0,0.21459999999999999,-0.11603499999999656,0.7433419999999558,561.3119999999974,0.35682200000000003
13.0,0.2948,-0.22460799999997505,1.2455560000000787,630.3220000000014,0.35682200000000003
13.0,0.3881,-0.42382199999998704,2.0107799999999543,737.3840000000005,0.35682200000000003
13.0,0.49380000000000007,-0.7876979999999634,3.166839999999951,887.322000000001,0.35682200000000003
13.0,0.6112,-1.423634000000007,4.898779999999974,1073.3659999999982,0.35682200000000003
13.0,0.7396,-2.4448199999999787,7.313620000000043,1278.6399999999994,0.35682200000000003
13.0,0.8783,-3.9264200000000216,10.354959999999878,1479.8399999999995,0.35682200000000003
13.0,1.026,-5.840260000000015,13.735199999999992,1663.7600000000016,0.35682200000000003
13.0,1.181,-8.04196000000001,17.018600000000106,1820.6999999999987,0.35682200000000003
13.0,1.343,-10.330460000000024,19.83399999999996,1958.1000000000017,0.35682200000000003
13.0,1.51,-12.483180000000011,21.719799999999978,2071.7000000000016,0.35682200000000003
13.5,0.009654,-0.0003493268000198668,-0.010964240000035375,474.3040000000001,0.23364,9.909023052393716
13.5,0.028959999999999996,-0.0014412539999852925,-0.005000720000083447,477.21599999999853,0.23364
13.5,0.05506,-0.0041534942000254205,0.028938600000074644,481.89199999999846,0.23364
13.5,0.09471,-0.010931525999993141,0.09938300000001732,489.05000000000064,0.23364
13.5,0.1479,-0.025039520000014193,0.2403169599999444,501.07800000000145,0.23364
13.5,0.21459999999999999,-0.05026344000004457,0.5026620000001003,520.0520000000015,0.23364
13.5,0.2948,-0.09470448000001852,0.8863280000000628,551.7819999999994,0.23364
13.5,0.3881,-0.17720960000001895,1.3995400000000302,605.9839999999976,0.23364
13.5,0.49380000000000007,-0.3370200000000523,2.076800000000034,693.127999999998,0.23364
13.5,0.6112,-0.6430320000000123,3.0109999999999815,817.7700000000012,0.23364
13.5,0.7396,-1.1877720000000025,4.3291599999999875,976.7159999999997,0.23364
13.5,0.8783,-2.071739999999984,6.122879999999995,1156.3999999999996,0.23364
13.5,1.026,-3.360840000000067,8.384659999999968,1342.7599999999984,0.23364
13.5,1.181,-5.044640000000022,10.897940000000048,1517.7999999999993,0.23364
13.5,1.343,-7.0387199999999694,13.45400000000005,1678.7399999999996,0.23364
13.5,1.51,-9.192740000000015,15.610999999999962,1816.419999999999,0.23364
14.0,0.009654,-5.555166001869338e-05,-0.01774158399996395,474.1780000000002,0.20286200000000001,8.92233676449545
14.0,0.028959999999999996,-0.00024395599997006912,-0.021812992000036502,476.7860000000006,0.20286200000000001
14.0,0.05506,-0.0007142279999783341,-0.006069200000098363,480.9579999999976,0.20286200000000001
14.0,0.09471,-0.0024313380000151597,0.03229801999999893,487.1400000000001,0.20286200000000001
14.0,0.1479,-0.00682532000002567,0.1428096200000084,496.3799999999985,0.20286200000000001
14.0,0.21459999999999999,-0.015166780000015478,0.3814180000000533,508.1780000000009,0.20286200000000001
14.0,0.2948,-0.030036138999989248,0.7245060000000336,524.6119999999994,0.20286200000000001
14.0,0.3881,-0.058310168000055285,1.1425140000000056,550.8620000000004,0.20286200000000001
14.0,0.49380000000000007,-0.11700710999996033,1.6089599999999393,594.728,0.20286200000000001
14.0,0.6112,-0.2411164000000099,2.133540000000025,664.0499999999978,0.20286200000000001
14.0,0.7396,-0.4865699999999862,2.802999999999969,763.4860000000003,0.20286200000000001
14.0,0.8783,-0.9294780000000102,3.7169200000001013,890.9140000000004,0.20286200000000001
14.0,1.026,-1.6519200000000112,4.99212,1040.758000000002,0.20286200000000001
14.0,1.181,-2.707899999999981,6.5659400000000545,1199.1999999999994,0.20286200000000001
14.0,1.343,-4.1041999999999845,8.384459999999976,1357.680000000002,0.20286200000000001
14.0,1.51,-5.783520000000024,10.171439999999947,1503.0399999999986,0.20286200000000001
14.5,0.009654,0.00010121560002573915,-0.015632559999971818,474.1579999999992,0.18903399999999998,8.61108347234105
14.5,0.028959999999999996,0.0003602412000347499,-0.020000699999940252,476.7120000000009,0.18903399999999998
14.5,0.05506,0.0008893872000115266,-0.012250359999939064,480.7860000000037,0.18903399999999998
14.5,0.09471,0.0014123812000121916,0.008546369999962167,486.8300000000012,0.18903399999999998
14.5,0.1479,0.0013376480000104607,0.10404558000004727,495.29200000000094,0.18903399999999998
14.5,0.21459999999999999,0.00013717999998164032,0.32998159999991117,504.84999999999934,0.18903399999999998
14.5,0.2948,-0.0032717200000575986,0.6510240000000067,516.1979999999993,0.18903399999999998
14.5,0.3881,-0.011678235999958986,1.0244800000000254,531.822,0.18903399999999998
14.5,0.49380000000000007,-0.03265137999999723,1.3973000000000724,555.9319999999985,0.18903399999999998
14.5,0.6112,-0.08200760000004692,1.7384000000000555,593.6839999999996,0.18903399999999998
14.5,0.7396,-0.18655700000000053,2.092919999999907,649.4560000000007,0.18903399999999998
14.5,0.8783,-0.38891799999998256,2.532799999999966,724.9700000000025,0.18903399999999998
14.5,1.026,-0.7468300000000028,3.1698400000000504,822.0720000000003,0.18903399999999998
14.5,1.181,-1.3149080000000168,4.009059999999991,935.9259999999985,0.18903399999999998
14.5,1.343,-2.1321200000000573,5.0776000000000465,1060.4119999999994,0.18903399999999998
14.5,1.51,-3.2022599999999812,6.257780000000039,1186.0999999999997,0.18903399999999998
15.0,0.009654,0.00011536540000633977,-0.010111704000124178,474.15199999999834,0.18068800000000002,8.51472140087748
15.0,0.028959999999999996,0.0004158560000178113,-0.012321006000064472,476.7259999999993,0.18068800000000002
15.0,0.05506,0.0010856523999791534,-0.010067752000040286,480.90199999999686,0.18068800000000002
15.0,0.09471,0.0021540979999556953,0.0009878199999491244,486.9860000000017,0.18068800000000002
15.0,0.1479,0.0034504199999929597,0.09075580000001082,495.12,0.18068800000000002
15.0,0.21459999999999999,0.004620998000000043,0.3078744000000455,503.6000000000005,0.18068800000000002
15.0,0.2948,0.004619145999988916,0.610116000000076,512.8420000000009,0.18068800000000002
15.0,0.3881,0.0014897400000180028,0.9510380000001817,524.8099999999987,0.18068800000000002
15.0,0.49380000000000007,-0.00893113200000073,1.270798000000113,541.9580000000028,0.18068800000000002
15.0,0.6112,-0.033626540000000205,1.526800000000108,566.1359999999967,0.18068800000000002
15.0,0.7396,-0.08308790000000954,1.7405999999999722,598.7059999999982,0.18068800000000002
15.0,0.8783,-0.17544699999994862,1.9631199999999893,640.6639999999975,0.18068800000000002
15.0,1.026,-0.3393516000000574,2.2663200000000927,695.8920000000006,0.18068800000000002
15.0,1.181,-0.6086299999999412,2.670999999999921,765.6760000000027,0.18068800000000002
15.0,1.343,-1.0194819999999893,3.2201599999999786,848.9219999999982,0.18068800000000002
15.0,1.51,-1.5970560000000233,3.8846199999998987,941.5680000000002,0.18068800000000002
15.5,0.009654,6.344828001658698e-05,-0.004365739999911966,474.1680000000024,0.17288,8.418337338265355
15.5,0.028959999999999996,0.00022536439995946012,-0.00449381999999332,476.7900000000029,0.17288
15.5,0.05506,0.0006763988000813015,-0.006631419999933996,481.10399999999845,0.17288
15.5,0.09471,0.0015793505999539548,-0.0010613999999264934,487.25200000000154,0.17288
15.5,0.1479,0.002976732000021798,0.08787959999992268,495.09600000000023,0.17288
15.5,0.21459999999999999,0.004522081999986938,0.29771439999990434,502.8420000000011,0.17288
15.5,0.2948,0.005080439999964881,0.5816439999999545,510.8820000000005,0.17288
15.5,0.3881,0.0029214800000687546,0.8926139999999805,521.2899999999987,0.17288
15.5,0.49380000000000007,-0.004644064000061121,1.1702219999999386,535.7680000000009,0.17288
15.5,0.6112,-0.020932760000000883,1.3721200000001232,554.494,0.17288
15.5,0.7396,-0.049806879999962916,1.514319999999998,576.8300000000011,0.17288
15.5,0.8783,-0.09725785999997072,1.6393599999999964,602.8619999999983,0.17288
15.5,1.026,-0.1742429400000134,1.790939999999992,635.758000000001,0.17288
15.5,1.181,-0.29729879999997877,1.98529999999991,678.0360000000005,0.17288
15.5,1.343,-0.48939199999995964,2.2561600000001647,730.5079999999969,0.17288
15.5,1.51,-0.7728140000000394,2.605959999999996,792.3220000000022,0.17288
16.0,0.009654,2.0048399989036625e-05,-0.0003963819999341922,474.18999999999835,0.164916,8.289582304950619
16.0,0.028959999999999996,6.607000003100438e-05,-5.02540000013596e-05,476.89800000000025,0.164916
16.0,0.05506,0.00031310080004232077,-0.0059143939999728445,481.34199999999794,0.164916
16.0,0.09471,0.000984223799918027,-0.0022860440000016524,487.55200000000445,0.164916
16.0,0.1479,0.002203947999959155,0.08799939999988737,495.1759999999972,0.164916
16.0,0.21459999999999999,0.0035604900000407724,0.2904256000000771,502.53799999999774,0.164916
16.0,0.2948,0.0039367000000112284,0.5566499999999053,510.1380000000013,0.164916
16.0,0.3881,0.0018190019999764218,0.8400259999999093,519.8479999999996,0.164916
16.0,0.49380000000000007,-0.004855639999945538,1.082257999999996,533.0399999999997,0.164916
16.0,0.6112,-0.018158819999989362,1.2473800000000779,549.5199999999976,0.164916
16.0,0.7396,-0.039634206499954416,1.3534999999998831,567.8039999999988,0.164916
16.0,0.8783,-0.07057741999993539,1.4388999999999896,587.1780000000015,0.164916
16.0,1.026,-0.11383580000007498,1.5287399999999707,609.4380000000008,0.164916
16.0,1.181,-0.17537763999996514,1.6312800000000038,636.4280000000022,0.164916
16.0,1.343,-0.26553380000002846,1.7671400000000403,669.7260000000042,0.164916
16.0,1.51,-0.39715000000001055,1.9462200000000962,709.6699999999992,0.164916
16.5,0.009654,1.4536999941583417e-05,0.0011711099999445196,474.23599999999766,0.15669000000000002,8.122226522701245
16.5,0.028959999999999996,4.543340004659058e-05,0.00020119600009138594,477.0339999999962,0.15669000000000002
16.5,0.05506,0.00028051280004603996,-0.00918249999998011,481.5979999999982,0.15669000000000002
16.5,0.09471,0.0010344720000432517,-0.005065019999932474,487.8440000000026,0.15669000000000002
16.5,0.1479,0.0024387980000284415,0.08787635999993881,495.26599999999735,0.15669000000000002
16.5,0.21459999999999999,0.003977486399975305,0.282698000000039,502.3399999999967,0.15669000000000002
16.5,0.2948,0.00461032600007627,0.5319919999999456,509.7279999999955,0.15669000000000002
16.5,0.3881,0.0030957500000283744,0.7899740000001998,519.1200000000009,0.15669000000000002
16.5,0.49380000000000007,-0.002152879999997026,1.0016219999999976,531.676000000001,0.15669000000000002
16.5,0.6112,-0.012539339999904087,1.1381099999999833,547.1679999999992,0.15669000000000002
16.5,0.7396,-0.028698779999984936,1.221660000000071,563.714000000001,0.15669000000000002
16.5,0.8783,-0.05052859800002807,1.2879799999998909,580.3880000000028,0.15669000000000002
16.5,1.026,-0.07802723400004652,1.3518799999999942,598.0220000000003,0.15669000000000002
16.5,1.181,-0.11235562999999615,1.4165599999999756,617.6480000000026,0.15669000000000002
16.5,1.343,-0.15722359999998048,1.4917400000000214,640.5959999999986,0.15669000000000002
16.5,1.51,-0.21865180000006035,1.5874999999999773,667.507999999998,0.15669000000000002
17.0,0.009654,8.744200101773458e-06,0.001990816000159157,474.2820000000023,0.14795799999999998,7.902004019277264
17.0,0.028959999999999996,8.885999989161064e-06,-0.0007340640000563781,477.17999999999705,0.14795799999999998
17.0,0.05506,0.00019612693996862163,-0.013267199999944523,481.83999999999827,0.14795799999999998
17.0,0.09471,0.0009762958000436583,-0.007513899999906926,488.1279999999961,0.14795799999999998
17.0,0.1479,0.002464664000072503,0.08786318000005622,495.3519999999969,0.14795799999999998
17.0,0.21459999999999999,0.004046729999913623,0.27446200000014187,502.20200000000045,0.14795799999999998
17.0,0.2948,0.004750434000015957,0.5072559999999271,509.53799999999916,0.14795799999999998
17.0,0.3881,0.0035186082000393526,0.7420060000001172,519.0240000000017,0.14795799999999998
17.0,0.49380000000000007,-0.0008936599999742612,0.9277619999998876,531.6779999999959,0.14795799999999998
17.0,0.6112,-0.009459672000033947,1.0423459999999807,547.0079999999982,0.14795799999999998
17.0,0.7396,-0.02251547999996717,1.1113699999999938,562.8040000000034,0.14795799999999998
17.0,0.8783,-0.03966409999996756,1.1668199999999729,578.2179999999996,0.14795799999999998
17.0,1.026,-0.06028927999999212,1.2197799999999859,593.9559999999985,0.14795799999999998
17.0,1.181,-0.08408015800000612,1.2703000000000486,610.5260000000001,0.14795799999999998
17.0,1.343,-0.1117805999999888,1.3221999999998957,628.6660000000027,0.14795799999999998
17.0,1.51,-0.14542460000001256,1.381460000000061,648.7120000000033,0.14795799999999998
17.5,0.009654,9.711800004197357e-06,0.0020796719999793822,474.34200000000004,0.139218,7.653909305830631
17.5,0.028959999999999996,-2.190840007187944e-06,-0.0021701799998652405,477.3220000000009,0.139218
17.5,0.05506,0.0001735036000383161,-0.015995060000051353,482.0759999999993,0.139218
17.5,0.09471,0.000994548000079476,-0.006737537999867982,488.3699999999962,0.139218
17.5,0.1479,0.0025131379999265846,0.09049455999999623,495.4000000000001,0.139218
17.5,0.21459999999999999,0.004044434000007868,0.2683999999999287,502.0680000000013,0.139218
17.5,0.2948,0.0046792551999885745,0.4854279999999278,509.4180000000037,0.139218
17.5,0.3881,0.0034981919999665934,0.6992060000000322,519.0559999999991,0.139218
17.5,0.49380000000000007,-0.0004925373999498106,0.8629260000000727,531.9100000000035,0.139218
17.5,0.6112,-0.007964307999941411,0.9601360000000625,547.2539999999988,0.139218
17.5,0.7396,-0.019112659999933612,1.0182960000000207,562.6519999999964,0.139218
17.5,0.8783,-0.03351388100000463,1.0661860000000445,577.4800000000014,0.139218
17.5,1.026,-0.05056551999999215,1.112313999999941,592.4999999999976,0.139218
17.5,1.181,-0.0698423000000048,1.156039999999905,608.0339999999965,0.139218
17.5,1.343,-0.09130599999998879,1.198660000000018,624.3400000000001,0.139218
17.5,1.51,-0.11532700000003615,1.243159999999932,641.522000000002,0.139218
18.0,0.009654,1.2528939947742401e-05,0.0012975599999265341,474.3879999999976,0.131392,7.430042554928439
18.0,0.028959999999999996,4.255799979091535e-06,-0.004828540000119119,477.44799999999896,0.131392
18.0,0.05506,0.00021705919998282752,-0.01928489999997396,482.29599999999806,0.131392
18.0,0.09471,0.0011296199999577539,-0.005708060000131354,488.59200000000055,0.131392
18.0,0.1479,0.0027075772000273446,0.0927264000000605,495.4299999999989,0.131392
18.0,0.21459999999999999,0.004227953999986767,0.2617319999998813,501.91999999999837,0.131392
18.0,0.2948,0.004858058000039023,0.4636560000000145,509.32800000000356,0.131392
18.0,0.3881,0.003809271999983821,0.6580340000000717,519.1600000000029,0.131392
18.0,0.49380000000000007,0.0002983599999595299,0.8023579999999697,532.2620000000029,0.131392
18.0,0.6112,-0.006174898200015377,0.8850959999999475,547.6920000000014,0.131392
18.0,0.7396,-0.01574754400003542,0.9348559999999395,562.9840000000002,0.131392
18.0,0.8783,-0.02806411999998204,0.976947999999993,577.7079999999977,0.131392
18.0,1.026,-0.04263722000004577,1.0181520000000432,592.6059999999964,0.131392
18.0,1.181,-0.059169999999966194,1.057835999999952,607.9360000000022,0.131392
18.0,1.343,-0.07749719999999627,1.0964400000000296,623.7259999999978,0.131392
18.0,1.51,-0.097583599999993,1.1352000000000828,639.921999999995,0.131392
18.5,0.009654,2.363282398221145e-05,0.00014687399996660133,474.4060000000019,0.12497600000000002,7.263538144288228
18.5,0.028959999999999996,4.762180005002392e-05,-0.0075442799999336785,477.5460000000038,0.12497600000000002
18.5,0.05506,0.0003427779999753966,-0.02163802000012538,482.4920000000006,0.12497600000000002
18.5,0.09471,0.0013767440000123088,-0.0034291279999365543,488.79400000000214,0.12497600000000002
18.5,0.1479,0.0030209919999890644,0.09511539999991214,495.42399999999986,0.12497600000000002
18.5,0.21459999999999999,0.0045471960000043055,0.25506000000007134,501.80599999999845,0.12497600000000002
18.5,0.2948,0.005214580000014735,0.44262599999996155,509.29800000000114,0.12497600000000002
18.5,0.3881,0.00436078039996346,0.6192400000000475,519.3200000000004,0.12497600000000002
18.5,0.49380000000000007,0.0013785939999877428,0.7464860000000328,532.6400000000007,0.12497600000000002
18.5,0.6112,-0.0041276456000360895,0.8172900000000993,548.1820000000006,0.12497600000000002
18.5,0.7396,-0.01227513599999952,0.8603300000001468,563.448000000001,0.12497600000000002
18.5,0.8783,-0.022744340000002694,0.89745999999991,578.2260000000008,0.12497600000000002
18.5,1.026,-0.03510353999999438,0.9342979999999557,593.2160000000017,0.12497600000000002
18.5,1.181,-0.049124599999998964,0.9700640000001215,608.5980000000006,0.12497600000000002
18.5,1.343,-0.06469979999998543,1.0051060000000689,624.3399999999965,0.12497600000000002
18.5,1.51,-0.0817537999999729,1.0398760000001062,640.3340000000028,0.12497600000000002
19.0,0.009654,4.290159999698062e-05,-0.0008613740001806036,474.4320000000002,0.119698,7.144804791538419
19.0,0.028959999999999996,0.00011939800003801793,-0.00941491000020278,477.6240000000023,0.119698
19.0,0.05506,0.0005053458599491023,-0.022179083999986915,482.6880000000031,0.119698
19.0,0.09471,0.001636413599968023,0.0007370859999866752,488.9899999999976,0.119698
19.0,0.1479,0.0032922786000000315,0.09819799999988277,495.4140000000002,0.119698
19.0,0.21459999999999999,0.004764492000006726,0.2489879999998834,501.6999999999996,0.119698
19.0,0.2948,0.00541339399994456,0.422930000000008,509.2820000000024,0.119698
19.0,0.3881,0.004687570000001529,0.5835319999999911,519.4940000000017,0.119698
19.0,0.49380000000000007,0.0021236919999978454,0.6960059999998691,533.0339999999971,0.119698
19.0,0.6112,-0.002610613999962652,0.7569619999998167,548.638000000004,0.119698
19.0,0.7396,-0.009630489999992164,0.794474000000065,563.8900000000007,0.119698
19.0,0.8783,-0.01863274600005127,0.8274939999999731,578.748000000001,0.119698
19.0,1.026,-0.02921113999995839,0.8604319999999177,593.8999999999978,0.119698
19.0,1.181,-0.04113840000002256,0.892351999999903,609.4479999999969,0.119698
19.0,1.343,-0.054329799999948136,0.923858000000024,625.318,0.119698
19.0,1.51,-0.06872580000006678,0.9549499999999966,641.3800000000051,0.119698
19.5,0.009654,7.24522000439265e-05,-0.0020264639999822975,474.46799999999814,0.11512799999999998,7.052862940938479
19.5,0.028959999999999996,0.00022395640002059736,-0.011243900000010854,477.71400000000244,0.11512799999999998
19.5,0.05506,0.0007193899999435871,-0.022096038000114504,482.883999999995,0.11512799999999998
19.5,0.09471,0.0019574299999192135,0.005288840399941819,489.1359999999985,0.11512799999999998
19.5,0.1479,0.0036370900000548545,0.10083080000015343,495.3739999999982,0.11512799999999998
19.5,0.21459999999999999,0.0050817419999305,0.2426280000000247,501.6020000000019,0.11512799999999998
19.5,0.2948,0.0057546402000241414,0.4036720000000571,509.29199999999855,0.11512799999999998
19.5,0.3881,0.005207881999993447,0.5497640000000104,519.6840000000016,0.11512799999999998
19.5,0.49380000000000007,0.0031024999999829106,0.6494159999999738,533.4080000000015,0.11512799999999998
19.5,0.6112,-0.0008527875999675416,0.7022460000000308,549.0700000000004,0.11512799999999998
19.5,0.7396,-0.006782274000016741,0.735277999999937,564.2920000000017,0.11512799999999998
19.5,0.8783,-0.014396099999913758,0.7648140000000581,579.229999999999,0.11512799999999998
19.5,1.026,-0.023328255999999215,0.7944080000000042,594.541999999997,0.11512799999999998
19.5,1.181,-0.03339391999993779,0.8232419999998797,610.2640000000008,0.11512799999999998
19.5,1.343,-0.04454499999994255,0.8517759999999441,626.2979999999984,0.11512799999999998
19.5,1.51,-0.056740200000007235,0.8801320000000601,642.5320000000028,0.11512799999999998
20.0,0.009654,0.00010610699995083905,-0.0028228019999687604,474.4719999999987,0.11110899999999999,6.981184362954143
20.0,0.028959999999999996,0.000336730000043417,-0.012152536000087366,477.8020000000005,0.11110899999999999
20.0,0.05506,0.0009305993999930706,-0.020726043999985677,483.0740000000055,0.11110899999999999
20.0,0.09471,0.00223347800002216,0.010336869800084969,489.2760000000003,0.11110899999999999
20.0,0.1479,0.003880624199936733,0.1029581999999607,495.3300000000027,0.11110899999999999
20.0,0.21459999999999999,0.005248046000048134,0.23595799999995393,501.52200000000136,0.11110899999999999
20.0,0.2948,0.005898550000011937,0.38503000000005727,509.30999999999926,0.11110899999999999
20.0,0.3881,0.005473821999970596,0.5180299999999249,519.8700000000009,0.11110899999999999
20.0,0.49380000000000007,0.0037328959999882727,0.6065399999998533,533.7600000000009,0.11110899999999999
20.0,0.6112,0.0004018375999237378,0.6526279999999929,549.4460000000032,0.11110899999999999
20.0,0.7396,-0.004658462000008967,0.681962000000027,564.6559999999959,0.11110899999999999
20.0,0.8783,-0.011169248000015841,0.7085420000001363,579.6059999999983,0.11110899999999999
20.0,1.026,-0.018804199999991056,0.7352579999999875,594.9120000000007,0.11110899999999999
20.0,1.181,-0.02741737599997407,0.7613580000000297,610.6440000000007,0.11110899999999999
20.0,1.343,-0.03697360000003869,0.7872960000000262,626.6900000000035,0.11110899999999999
20.0,1.51,-0.04743940000004443,0.8131480000000124,642.9219999999951,0.11110899999999999
